mode,sort_keys,proj_cols,repeat,exec_time_s,sort_cpu_s,sort_I_s,sort_O_s,sort_F_s,peak_mem_GB
baseline,1,4,1,8.22,5.07,2.05,1.21,1.79,1.89
baseline,1,4,2,8.13,5.02,2.03,1.18,1.78,1.89
baseline,1,4,3,8.25,5.09,2.04,1.25,1.78,1.89
baseline,1,8,1,13.48,8.29,3.44,2.38,2.44,3.78
baseline,1,8,2,13.31,8.15,3.43,2.29,2.40,3.78
baseline,1,8,3,13.42,8.23,3.45,2.34,2.42,3.78
baseline,1,12,1,18.67,12.10,5.19,4.13,2.77,5.61
baseline,1,12,2,19.16,12.29,5.37,4.14,2.75,5.61
baseline,1,12,3,18.49,11.96,5.15,4.04,2.75,5.61
baseline,1,16,1,38.78,24.09,9.93,10.90,3.22,11.60
baseline,1,16,2,38.78,23.96,9.55,11.17,3.21,11.60
baseline,1,16,3,38.58,24.13,9.59,11.20,3.31,11.60
baseline,2,4,1,22.49,19.37,2.04,1.76,15.55,1.89
baseline,2,4,2,22.48,19.37,2.04,1.76,15.55,1.89
baseline,2,4,3,22.59,19.47,2.05,1.77,15.62,1.89
baseline,2,8,1,28.19,23.02,3.43,2.82,16.74,3.78
baseline,2,8,2,28.52,23.21,3.45,2.87,16.87,3.78
baseline,2,8,3,28.19,23.02,3.44,2.83,16.73,3.78
baseline,2,12,1,34.14,27.50,5.17,4.69,17.62,5.61
baseline,2,12,2,33.91,27.39,5.18,4.72,17.47,5.61
baseline,2,12,3,34.02,27.47,5.17,4.72,17.56,5.61
baseline,2,16,1,60,45.86,9.56,17.97,18.30,11.60
baseline,2,16,2,61,46.27,9.62,18.14,18.49,11.60
baseline,2,16,3,60,46.01,9.56,18.03,18.40,11.60
baseline,3,4,1,27.82,24.61,2.06,1.64,20.88,1.89
baseline,3,4,2,28.21,24.99,2.06,1.67,21.23,1.89
baseline,3,4,3,27.99,24.84,2.06,1.66,21.09,1.89
baseline,3,8,1,34.15,28.93,3.49,2.76,22.66,3.78
baseline,3,8,2,33.82,28.52,3.45,2.76,22.28,3.78
baseline,3,8,3,33.98,28.67,3.48,2.75,22.41,3.78
baseline,3,12,1,39.33,32.78,5.18,4.56,23.01,5.61
baseline,3,12,2,39.33,32.77,5.19,4.61,22.95,5.61
baseline,3,12,3,39.37,32.82,5.19,4.57,23.03,5.61
baseline,3,16,1,66,51.18,9.55,17.69,23.91,11.60
baseline,3,16,2,66,51.38,9.57,17.89,23.89,11.60
baseline,3,16,3,66,51.41,9.60,17.87,23.91,11.60
baseline,4,4,1,28.89,25.76,2.09,1.54,22.11,1.89
baseline,4,4,2,29.03,25.87,2.09,1.56,22.19,1.89
baseline,4,4,3,28.70,25.60,2.09,1.52,21.96,1.89
baseline,4,8,1,34.80,29.60,3.48,2.70,23.40,3.78
baseline,4,8,2,34.65,29.39,3.46,2.69,23.21,3.78
baseline,4,8,3,34.70,29.51,3.49,2.65,23.34,3.78
baseline,4,12,1,40.31,33.79,5.21,4.49,24.06,5.61
baseline,4,12,2,40.44,33.87,5.21,4.49,24.15,5.61
baseline,4,12,3,40.40,33.84,5.20,4.57,24.04,5.61
baseline,4,16,1,67,52.20,9.58,17.77,24.82,11.60
baseline,4,16,2,67,52.40,9.60,17.88,24.89,11.60
baseline,4,16,3,67,52.25,9.61,17.67,24.94,11.60
hybrid-opt,1,4,1,7.10,3.92,.8028,1.22,1.87,2.47
hybrid-opt,1,4,2,7.17,4.01,.7972,1.22,1.96,2.47
hybrid-opt,1,4,3,7.08,3.92,.8065,1.22,1.87,2.47
hybrid-opt,1,8,1,11.20,5.49,.8136,2.11,2.54,4.47
hybrid-opt,1,8,2,11.07,5.47,.8126,2.08,2.55,4.47
hybrid-opt,1,8,3,11.24,5.49,.8068,2.12,2.54,4.47
hybrid-opt,1,12,1,14.32,7.28,.8285,2.90,3.52,6.22
hybrid-opt,1,12,2,14.11,7.23,.8294,2.86,3.51,6.22
hybrid-opt,1,12,3,14.36,7.27,.8309,2.89,3.52,6.22
hybrid-opt,1,16,1,30.88,15.49,.8446,6.57,8.04,12.16
hybrid-opt,1,16,2,30.57,15.41,.8462,6.52,8.02,12.16
hybrid-opt,1,16,3,31.27,15.49,.8508,6.57,8.05,12.16
hybrid-opt,2,4,1,22.81,19.64,.9967,2.78,15.84,2.43
hybrid-opt,2,4,2,22.51,19.38,.9910,2.75,15.62,2.43
hybrid-opt,2,4,3,22.41,19.26,.9887,2.73,15.52,2.43
hybrid-opt,2,8,1,29.44,24.09,.9904,6.91,16.17,4.43
hybrid-opt,2,8,2,29.54,24.10,.9854,6.94,16.15,4.43
hybrid-opt,2,8,3,29.69,24.28,.9882,7.00,16.27,4.43
hybrid-opt,2,12,1,38.30,31.14,1.01,12.83,17.27,6.18
hybrid-opt,2,12,2,38.00,30.94,.9964,12.78,17.14,6.18
hybrid-opt,2,12,3,37.84,30.89,.9969,12.69,17.18,6.18
hybrid-opt,2,16,1,67,51.49,1.01,28.84,21.62,12.12
hybrid-opt,2,16,2,67,51.76,1.01,29.09,21.63,12.12
hybrid-opt,2,16,3,67,51.63,1.01,29.00,21.59,12.12
hybrid-opt,3,4,1,27.62,24.57,1.17,2.27,21.11,2.39
hybrid-opt,3,4,2,27.91,24.85,1.16,2.29,21.37,2.39
hybrid-opt,3,4,3,27.62,24.59,1.16,2.27,21.14,2.39
hybrid-opt,3,8,1,34.74,29.32,1.16,6.12,22.01,4.39
hybrid-opt,3,8,2,34.67,29.14,1.15,6.17,21.79,4.39
hybrid-opt,3,8,3,34.72,29.25,1.16,6.09,21.97,4.39
hybrid-opt,3,12,1,42.80,35.79,1.18,11.60,22.98,6.14
hybrid-opt,3,12,2,42.45,35.56,1.18,11.63,22.74,6.14
hybrid-opt,3,12,3,42.45,35.54,1.18,11.56,22.77,6.14
hybrid-opt,3,16,1,72,56.17,1.19,27.67,27.28,12.08
hybrid-opt,3,16,2,72,56.41,1.19,27.72,27.48,12.08
hybrid-opt,3,16,3,72,56.24,1.21,27.83,27.18,12.08
hybrid-opt,4,4,1,28.75,25.62,2.10,1.54,21.96,1.89
hybrid-opt,4,4,2,29.07,25.92,2.11,1.53,22.25,1.89
hybrid-opt,4,4,3,28.84,25.71,2.11,1.53,22.04,1.89
hybrid-opt,4,8,1,34.70,29.52,1.32,5.24,22.93,4.35
hybrid-opt,4,8,2,34.72,29.51,1.32,5.23,22.94,4.35
hybrid-opt,4,8,3,34.73,29.55,1.33,5.17,23.01,4.35
hybrid-opt,4,12,1,42.46,35.74,1.34,10.42,23.95,6.10
hybrid-opt,4,12,2,42.76,35.99,1.35,10.53,24.09,6.10
hybrid-opt,4,12,3,42.95,35.93,1.34,10.48,24.09,6.10
hybrid-opt,4,16,1,72,56.31,1.36,26.53,28.39,12.04
hybrid-opt,4,16,2,72,56.37,1.35,26.61,28.38,12.04
hybrid-opt,4,16,3,72,56.29,1.36,26.50,28.39,12.04
hybrid-nonopt,1,4,1,9.99,6.53,.8077,4.31,1.39,996.63
hybrid-nonopt,1,4,2,9.95,6.50,.8031,4.30,1.38,996.63
hybrid-nonopt,1,4,3,9.83,6.40,.8021,4.20,1.37,996.63
hybrid-nonopt,1,8,1,23.66,17.47,.8221,15.22,1.40,997.00
hybrid-nonopt,1,8,2,23.55,17.43,.8083,15.21,1.38,997.00
hybrid-nonopt,1,8,3,23.75,17.59,.8094,15.37,1.38,997.00
hybrid-nonopt,1,12,1,40.44,32.45,1.11,29.93,1.39,997.33
hybrid-nonopt,1,12,2,40.63,32.66,1.09,30.15,1.39,997.33
hybrid-nonopt,1,12,3,40.38,32.35,1.10,29.82,1.40,997.33
hybrid-nonopt,1,16,1,69,51.95,1.97,48.56,1.40,998.08
hybrid-nonopt,1,16,2,69,51.71,1.96,48.34,1.38,998.08
hybrid-nonopt,1,16,3,69,52.19,1.95,48.83,1.39,998.08
hybrid-nonopt,2,4,1,25.12,21.81,.9808,5.61,15.20,1.43
hybrid-nonopt,2,4,2,25.33,22.00,.9789,5.73,15.27,1.43
hybrid-nonopt,2,4,3,25.22,21.91,.9782,5.70,15.21,1.43
hybrid-nonopt,2,8,1,45.05,38.97,.9840,22.66,15.30,1.43
hybrid-nonopt,2,8,2,45.10,39.03,.9895,22.74,15.28,1.43
hybrid-nonopt,2,8,3,44.87,38.81,.9774,22.62,15.18,1.43
hybrid-nonopt,2,12,1,66,58.35,1.25,41.90,15.17,1.43
hybrid-nonopt,2,12,2,66,58.51,1.26,41.94,15.28,1.43
hybrid-nonopt,2,12,3,66,58.47,1.26,42.00,15.18,1.43
hybrid-nonopt,2,16,1,106,1,2.14,18,15.18,1.43
hybrid-nonopt,2,16,2,105,1,2.14,17,15.35,1.43
hybrid-nonopt,2,16,3,105,1,2.13,17,15.27,1.43
hybrid-nonopt,3,4,1,28.81,25.68,1.17,3.44,21.05,1.89
hybrid-nonopt,3,4,2,28.74,25.61,1.16,3.46,20.96,1.89
hybrid-nonopt,3,4,3,28.81,25.68,1.16,3.40,21.10,1.89
hybrid-nonopt,3,8,1,46.46,40.59,1.15,18.43,20.98,1.89
hybrid-nonopt,3,8,2,46.86,40.96,1.15,18.82,20.96,1.89
hybrid-nonopt,3,8,3,46.79,40.86,1.17,18.49,21.18,1.89
hybrid-nonopt,3,12,1,69,1,1.44,38.41,20.96,1.89
hybrid-nonopt,3,12,2,68,1,1.44,38.04,21.08,1.89
hybrid-nonopt,3,12,3,68,1,1.44,38.02,21.15,1.89
hybrid-nonopt,3,16,1,106,1,2.17,12,20.95,1.89
hybrid-nonopt,3,16,2,106,1,2.18,11,21.14,1.89
hybrid-nonopt,3,16,3,106,1,2.16,12,20.90,1.89
hybrid-nonopt,4,4,1,29.02,25.80,2.08,1.55,22.14,1.89
hybrid-nonopt,4,4,2,28.96,25.72,2.11,1.53,22.05,1.89
hybrid-nonopt,4,4,3,28.85,25.65,2.07,1.54,22.02,1.89
hybrid-nonopt,4,8,1,45.31,39.60,1.33,15.98,22.27,2.35
hybrid-nonopt,4,8,2,45.45,39.80,1.32,16.00,22.45,2.35
hybrid-nonopt,4,8,3,45.24,39.53,1.32,15.93,22.25,2.35
hybrid-nonopt,4,12,1,66,58.11,1.59,34.19,22.29,2.35
hybrid-nonopt,4,12,2,66,58.13,1.63,33.97,22.50,2.35
hybrid-nonopt,4,12,3,66,58.42,1.61,34.54,22.25,2.35
hybrid-nonopt,4,16,1,106,1,2.39,11,22.28,2.35
hybrid-nonopt,4,16,2,106,1,2.41,11,22.26,2.35
hybrid-nonopt,4,16,3,106,1,2.39,11,22.31,2.35
